Voltage,CLK,CEN,GWEN,WEN,A,D
5.0v,297.584,18.1905,49.4974,7.84667,40.1181,16.7494
3.3v,293.159,18.27,48.0111,7.64901,40.1976,16.6433
1.8v,282.301,18.2531,44.3231,7.15847,40.1807,16.0497
