Voltage,CLK,CEN,GWEN,WEN,A,D
5.0v,296.201,17.6988,49.6735,7.84667,34.5188,16.5528
3.3v,291.776,17.7783,48.1872,7.64901,34.5983,16.4468
1.8v,280.919,17.7614,44.4991,7.15847,34.5814,16.1834
