Voltage,CLK,CEN,GWEN,WEN,A,D
5.0v,298.116,17.4878,49.6559,7.84667,38.8545,16.7359
3.3v,293.691,17.5673,48.1696,7.649,38.934,16.7013
1.8v,282.833,17.5504,44.4816,7.15846,38.9171,16.0438
