Voltage,CLK,CEN,GWEN,WEN,A,D
5.0v,298.056,18.2857,49.4975,7.84667,40.4163,16.4131
3.3v,293.631,18.3651,48.0112,7.649,40.4958,16.3071
1.8v,282.773,18.3483,44.3232,7.15846,40.4789,16.0437
