Condition,DC standby,AC Write,AC Read
"TT corner, 1.8v, 25°c",0.00004,102.006,93.51
"SS corner, 1.62v, -40°c",0.00004,81.2349,75.087
"SS corner, 1.62v, 125°c",0.00005,86.0949,79.1103
"FF corner, 1.98v, 125°c",0.00236,130.858,119.087
"FF corner,1.98v, -40°c",0.00005,120.602,110.454
